{
    "auto_restart": false,
    "concurrency": 0,
    "current_version": 74,
    "dependencies": "log,clearblade",
    "execution_timeout": 60,
    "logging_enabled": "true",
    "name": "practice",
    "params": [
        "{\n  \"asset_type_id\": \"b4d100c0-ec0b-4482-85a6-518eea5042dc\"\n}"
    ],
    "permissions": {
        "Administrator": 1,
        "Anonymous": 1,
        "Authenticated": 1,
        "Monnit Webhook Adapter": 1,
        "PortalEditor": 1,
        "sms-webhook-adapter": 1
    },
    "run_user": "",
    "source": "practice.js"
}