{
    "auto_restart": false,
    "concurrency": 0,
    "current_version": 11,
    "dependencies": "log,clearblade,http,system_Constants,function_library",
    "execution_timeout": 60,
    "logging_enabled": "false",
    "name": "deleteGateway",
    "params": [
        "{}"
    ],
    "permissions": {
        "Administrator": 1,
        "Anonymous": 0,
        "Authenticated": 1,
        "Monnit Webhook Adapter": 1,
        "PortalEditor": 1,
        "sms-webhook-adapter": 1
    },
    "run_user": "",
    "source": "deleteGateway.js"
}