{
    "auto_restart": false,
    "concurrency": 0,
    "current_version": 1,
    "dependencies": "log,clearblade",
    "execution_timeout": 60,
    "logging_enabled": "true",
    "name": "updateSensorType",
    "params": [
        "{\n    \"sensor_type_id\":\"29baa45a-6c68-4457-8460-b8dddc02dcf6\",\n    \"sensor_type\":{\n        \"name\": \"Temperature\",\n        \"attributes\": \"degrees\",\n        \"description\":  \"measures the temperature\",\n        \"data_type\": \"int\",\n        \"icon\": \"\",\n        \"is_probe\": false\n      }\n  }"
    ],
    "permissions": {
        "Administrator": 1,
        "Anonymous": 0,
        "Authenticated": 1,
        "Monnit Webhook Adapter": 1,
        "PortalEditor": 1,
        "sms-webhook-adapter": 1
    },
    "run_user": "",
    "source": "updateSensorType.js"
}