{
    "auto_restart": false,
    "concurrency": 0,
    "current_version": 1,
    "dependencies": "log,clearblade",
    "execution_timeout": 60,
    "logging_enabled": "false",
    "name": "createAsset",
    "params": [
        "{\n    \"assets\": [\n        {\n            \"asset_type_id\": \"\",\n            \"comments\": \"asdf\",\n            \"customer_id\": \"234234\",\n            \"location_id\": \"23423\",\n            \"name\": \"Bobs Refrigerator\",\n            \"primary_employee\": \"b@b.com\"\n        },\n        {\n            \"asset_type_id\": \"\",\n            \"comments\": \"asdf\",\n            \"customer_id\": \"234234\",\n            \"location_id\": \"23423\",\n            \"name\": \"Bobs Refrigerator\",\n            \"primary_employee\": \"b@b.com\"\n        }\n    ]\n}"
    ],
    "permissions": {
        "Administrator": 1,
        "Authenticated": 1
    },
    "run_user": "",
    "source": "createAsset.js"
}