{
    "auto_restart": false,
    "concurrency": 0,
    "current_version": 1,
    "dependencies": "log,clearblade",
    "execution_timeout": 60,
    "logging_enabled": "true",
    "name": "deleteSensorType",
    "params": [
        "{\n    \"sensor_type_id\":\"099aa18c-f9d2-4453-8384-99d50e55e1de\"\n  }"
    ],
    "permissions": {
        "Administrator": 1,
        "Anonymous": 0,
        "Authenticated": 1,
        "Monnit Webhook Adapter": 1,
        "PortalEditor": 1,
        "sms-webhook-adapter": 1
    },
    "run_user": "",
    "source": "deleteSensorType.js"
}