{
    "auto_restart": false,
    "concurrency": 0,
    "current_version": 5,
    "dependencies": "log,clearblade,system_Constants,function_library",
    "execution_timeout": 60,
    "logging_enabled": "true",
    "name": "imonnitDeviceData",
    "params": [
        "{\n  \"body\": {\n    \"sensor_message\": {\n      \"applicationID\": \"94\",\n      \"batteryLevel\": \"100\",\n      \"dataMessageGUID\": \"58a9e067-801d-4557-b267-a0c8f14af609\",\n      \"dataType\": \"AmpHours|Amps|Amps|Amps\",\n      \"dataValue\": \"36.16|18.08|57.52|15.72\",\n      \"messageDate\": \"2018-09-10 12:45:18\",\n      \"networkID\": \"34385\",\n      \"pendingChange\": \"True\",\n      \"plotLabels\": \"kWh|AvgCurrent|MaxCurrent|MinCurrent\",\n      \"plotValues\": \"21.696|18.08|57.52|15.72\",\n      \"rawData\": \"36.16%2c18.08%2c57.52%2c15.72\",\n      \"sensorID\": \"362380\",\n      \"sensorName\": \"Current Meter 150 Amp - 362382- L3\",\n      \"signalStrength\": \"88\",\n      \"state\": \"0\"\n    },\n    \"gateway_message\": {\n      \"accountID\": \"21182\",\n      \"batteryLevel\": \"101\",\n      \"count\": \"1\",\n      \"date\": \"2018-09-10 13:00:05\",\n      \"gatewayID\": \"913525\",\n      \"gatewayName\": \"CGW3 3g North America - 913526\",\n      \"messageType\": \"0\",\n      \"networkID\": \"34380\",\n      \"pendingChange\": \"False\",\n      \"power\": \"0\",\n      \"signalStrength\": \"16\"\n    },\n    \"time_received\": \"2018-09-10T13:00:34Z\"\n  }\n}"
    ],
    "permissions": {
        "Administrator": 1,
        "Anonymous": 1,
        "Authenticated": 1,
        "Monnit Webhook Adapter": 1
    },
    "run_user": "",
    "source": "imonnitDeviceData.js"
}