{
    "auto_restart": false,
    "concurrency": 0,
    "current_version": 1,
    "dependencies": "log,clearblade",
    "execution_timeout": 60,
    "logging_enabled": "true",
    "name": "createGateway",
    "params": [
        "{\n  \"gateways\": [\n    {\n      \"gateway_name\": \"asdf\",\n      \"gateway_label\": \"Labelasdf\",\n      \"gateway_id\": \"123\"\n    },\n    {\n      \"gateway_name\": \"aesadsdf\",\n      \"gateway_label\": \"Labelasdf\",\n      \"gateway_id\": \"123\"\n    }\n  ]\n}"
    ],
    "permissions": {
        "Administrator": 1,
        "Anonymous": 0,
        "Authenticated": 1,
        "Monnit Webhook Adapter": 1,
        "PortalEditor": 1,
        "sms-webhook-adapter": 1
    },
    "run_user": "",
    "source": "createGateway.js"
}