{
    "auto_restart": false,
    "concurrency": 0,
    "current_version": 1,
    "dependencies": "log,clearblade",
    "execution_timeout": 60,
    "logging_enabled": "false",
    "name": "createFoodTestType",
    "params": [
        "{\n    \"food_test_types\": [{\n      \"name\": \"A Test Food\"\n    },\n    {\n      \"name\": \"A Test Food2\"\n    }\n    ]\n}"
    ],
    "permissions": {
        "Administrator": 1,
        "Anonymous": 0,
        "Authenticated": 1,
        "Monnit Webhook Adapter": 1,
        "PortalEditor": 1,
        "sms-webhook-adapter": 1
    },
    "run_user": "",
    "source": "createFoodTestType.js"
}