{
    "auto_restart": false,
    "concurrency": 0,
    "current_version": 1,
    "dependencies": "log,clearblade",
    "execution_timeout": 60,
    "logging_enabled": "true",
    "name": "createSensorType",
    "params": [
        "{\n  \"sensor_type\": {\n    \"name\": \"Bobbys place\",\n    \"data_type\": \"int\"\n  }\n}"
    ],
    "permissions": {
        "Administrator": 1,
        "Anonymous": 0,
        "Authenticated": 1,
        "Monnit Webhook Adapter": 1,
        "PortalEditor": 1,
        "sms-webhook-adapter": 1
    },
    "run_user": "",
    "source": "createSensorType.js"
}