{
    "auto_restart": false,
    "concurrency": 0,
    "current_version": 165,
    "dependencies": "log,clearblade,TwilioConstants,TwilioSMSLib,function_library,q_library",
    "execution_timeout": 60,
    "logging_enabled": "true",
    "name": "TestService",
    "params": [
        "{\r\n  \"item_id\": \"c9bba163-57ee-44c6-bcf2-ea329e2e35d3\"\r\n}"
    ],
    "permissions": {
        "Administrator": 1,
        "Anonymous": 1,
        "Authenticated": 1,
        "Monnit Webhook Adapter": 1,
        "PortalEditor": 1,
        "sms-webhook-adapter": 1
    },
    "run_user": "",
    "source": "TestService.js"
}