{
    "auto_restart": false,
    "concurrency": 0,
    "current_version": 4,
    "dependencies": "log,clearblade",
    "execution_timeout": 60,
    "logging_enabled": "true",
    "name": "updateAssetType",
    "params": [
        "{\n    \"asset_type_id\": \"310326d7-dbbf-471c-b5be-bbc85f72668a\",\n    \"asset_type\": {\n      \"name\": \"asdf\"\n    }\n  }"
    ],
    "permissions": {
        "Administrator": 1,
        "Anonymous": 0,
        "Authenticated": 1,
        "Monnit Webhook Adapter": 1,
        "PortalEditor": 1,
        "sms-webhook-adapter": 1
    },
    "run_user": "",
    "source": "updateAssetType.js"
}