{
    "auto_restart": false,
    "concurrency": 0,
    "current_version": 132,
    "dependencies": "log,clearblade",
    "execution_timeout": 60,
    "logging_enabled": "true",
    "name": "service",
    "params": [
        "{\n  \"asset_id\": \"5808b9fe-b4ab-4e0b-8a72-71f9bb67ba25\"\n}"
    ],
    "permissions": {
        "Administrator": 1,
        "Anonymous": 1,
        "Authenticated": 1,
        "Monnit Webhook Adapter": 1,
        "PortalEditor": 1,
        "sms-webhook-adapter": 1
    },
    "run_user": "",
    "source": "service.js"
}