{
    "auto_restart": false,
    "concurrency": 0,
    "current_version": 31,
    "dependencies": "log,clearblade",
    "execution_timeout": 60,
    "logging_enabled": "true",
    "name": "getHistoryForSensors",
    "params": [
        "{\n  \"sensor_ids\": [\n    \"426640\"\n  ],\n  \"startTime\": \"2018-11-19T11:38:06.252Z\",\n  \"endTime\": \"2018-11-20T11:38:06.252Z\"\n}"
    ],
    "permissions": {
        "Administrator": 1,
        "Authenticated": 1
    },
    "run_user": "",
    "source": "getHistoryForSensors.js"
}