{
    "Description": "Default role that is applied to all unauthenticated users",
    "ID": "Anonymous",
    "Name": "Anonymous",
    "Permissions": {
        "AllCollections": {
            "Level": 0
        },
        "AllServices": {
            "Level": 0
        },
        "CodeServices": [
            {
                "Level": 1,
                "Name": "Portal_LoadDevices",
                "SystemKey": "ce938cbd0bfa8385999ee79d8068"
            },
            {
                "Level": 1,
                "Name": "Portal_LoadSensor",
                "SystemKey": "ce938cbd0bfa8385999ee79d8068"
            },
            {
                "Level": 1,
                "Name": "TestService",
                "SystemKey": "ce938cbd0bfa8385999ee79d8068"
            },
            {
                "Level": 1,
                "Name": "addMessageHistory",
                "SystemKey": "ce938cbd0bfa8385999ee79d8068"
            },
            {
                "Level": 1,
                "Name": "alert_service",
                "SystemKey": "ce938cbd0bfa8385999ee79d8068"
            },
            {
                "Level": 0,
                "Name": "createAssetType",
                "SystemKey": "ce938cbd0bfa8385999ee79d8068"
            },
            {
                "Level": 0,
                "Name": "createFoodTestType",
                "SystemKey": "ce938cbd0bfa8385999ee79d8068"
            },
            {
                "Level": 0,
                "Name": "createGateway",
                "SystemKey": "ce938cbd0bfa8385999ee79d8068"
            },
            {
                "Level": 0,
                "Name": "createLocationType",
                "SystemKey": "ce938cbd0bfa8385999ee79d8068"
            },
            {
                "Level": 0,
                "Name": "createSensorType",
                "SystemKey": "ce938cbd0bfa8385999ee79d8068"
            },
            {
                "Level": 0,
                "Name": "createSensorTypes",
                "SystemKey": "ce938cbd0bfa8385999ee79d8068"
            },
            {
                "Level": 1,
                "Name": "createStudent",
                "SystemKey": "ce938cbd0bfa8385999ee79d8068"
            },
            {
                "Level": 0,
                "Name": "deleteAssetType",
                "SystemKey": "ce938cbd0bfa8385999ee79d8068"
            },
            {
                "Level": 0,
                "Name": "deleteFoodTestType",
                "SystemKey": "ce938cbd0bfa8385999ee79d8068"
            },
            {
                "Level": 0,
                "Name": "deleteGateway",
                "SystemKey": "ce938cbd0bfa8385999ee79d8068"
            },
            {
                "Level": 0,
                "Name": "deleteLocationType",
                "SystemKey": "ce938cbd0bfa8385999ee79d8068"
            },
            {
                "Level": 0,
                "Name": "deleteSensorType",
                "SystemKey": "ce938cbd0bfa8385999ee79d8068"
            },
            {
                "Level": 1,
                "Name": "getAlertsDetails",
                "SystemKey": "ce938cbd0bfa8385999ee79d8068"
            },
            {
                "Level": 0,
                "Name": "getFoodTestTypes",
                "SystemKey": "ce938cbd0bfa8385999ee79d8068"
            },
            {
                "Level": 1,
                "Name": "getLabelStatus",
                "SystemKey": "ce938cbd0bfa8385999ee79d8068"
            },
            {
                "Level": 0,
                "Name": "getLocationTypes",
                "SystemKey": "ce938cbd0bfa8385999ee79d8068"
            },
            {
                "Level": 0,
                "Name": "getLocations",
                "SystemKey": "ce938cbd0bfa8385999ee79d8068"
            },
            {
                "Level": 1,
                "Name": "getMessagesHistory",
                "SystemKey": "ce938cbd0bfa8385999ee79d8068"
            },
            {
                "Level": 0,
                "Name": "getOrphanGatewayData",
                "SystemKey": "ce938cbd0bfa8385999ee79d8068"
            },
            {
                "Level": 1,
                "Name": "http_sendSMSMessage",
                "SystemKey": "ce938cbd0bfa8385999ee79d8068"
            },
            {
                "Level": 1,
                "Name": "imonnitDeviceData",
                "SystemKey": "ce938cbd0bfa8385999ee79d8068"
            },
            {
                "Level": 1,
                "Name": "mailService",
                "SystemKey": "ce938cbd0bfa8385999ee79d8068"
            },
            {
                "Level": 1,
                "Name": "practice",
                "SystemKey": "ce938cbd0bfa8385999ee79d8068"
            },
            {
                "Level": 1,
                "Name": "processImonnitEvent",
                "SystemKey": "ce938cbd0bfa8385999ee79d8068"
            },
            {
                "Level": 1,
                "Name": "service",
                "SystemKey": "ce938cbd0bfa8385999ee79d8068"
            },
            {
                "Level": 0,
                "Name": "updateAssetType",
                "SystemKey": "ce938cbd0bfa8385999ee79d8068"
            },
            {
                "Level": 0,
                "Name": "updateFoodTestType",
                "SystemKey": "ce938cbd0bfa8385999ee79d8068"
            },
            {
                "Level": 0,
                "Name": "updateGateway",
                "SystemKey": "ce938cbd0bfa8385999ee79d8068"
            },
            {
                "Level": 0,
                "Name": "updateLocationType",
                "SystemKey": "ce938cbd0bfa8385999ee79d8068"
            },
            {
                "Level": 0,
                "Name": "updateSensorType",
                "SystemKey": "ce938cbd0bfa8385999ee79d8068"
            }
        ],
        "Collections": [
            {
                "Columns": [],
                "ID": "aeef9eba0be2f19af9f896e1c49d01",
                "Items": [],
                "Level": 15,
                "Name": "Alerts"
            },
            {
                "Columns": [],
                "ID": "d6938cbd0ba0b6ddcdb5f1d0b778",
                "Items": [],
                "Level": 15,
                "Name": "Alerts"
            },
            {
                "Columns": [],
                "ID": "c2f195ba0b86c0dfafddfda9efe801",
                "Items": [],
                "Level": 0,
                "Name": "Customers"
            },
            {
                "Columns": [],
                "ID": "d8938cbd0b8cd2b587cdd9e295de01",
                "Items": [],
                "Level": 0,
                "Name": "Customers"
            },
            {
                "Columns": [],
                "ID": "c6e4e8bb0bae8185f1ccaffaf03f",
                "Items": [],
                "Level": 0,
                "Name": "FoodTestTypes"
            },
            {
                "Columns": [],
                "ID": "d8938cbd0bfce1b6cadb9b99caed01",
                "Items": [],
                "Level": 0,
                "Name": "FoodTestTypes"
            },
            {
                "Columns": [],
                "ID": "94d8fabc0bb4cc82b7aaaaa8c29301",
                "Items": [],
                "Level": 0,
                "Name": "LocationTypes"
            },
            {
                "Columns": [],
                "ID": "da938cbd0bbad19cdb9fd2d2bb69",
                "Items": [],
                "Level": 0,
                "Name": "LocationTypes"
            },
            {
                "Columns": [],
                "ID": "a6eda8bf0beec0a2d093b699adf801",
                "Items": [],
                "Level": 0,
                "Name": "MessagesHistory"
            },
            {
                "Columns": [],
                "ID": "c0fff3c60bd28df9d29f9ab4ba0d",
                "Items": [],
                "Level": 15,
                "Name": "Student"
            },
            {
                "Columns": [],
                "ID": "d0d9ddb90bde83e9828d80f7f274",
                "Items": [],
                "Level": 1,
                "Name": "devices_metadata"
            },
            {
                "Columns": [],
                "ID": "a2a7cabd0be6b7f8bae1debb861b",
                "Items": [],
                "Level": 15,
                "Name": "devices_metadata"
            },
            {
                "Columns": [],
                "ID": "9ce2ddb90b92dfe0879be19bb9ae01",
                "Items": [],
                "Level": 1,
                "Name": "gateways_data"
            },
            {
                "Columns": [],
                "ID": "c0e2ddb90bbed9afaeaeadfa8fef01",
                "Items": [],
                "Level": 1,
                "Name": "sensors_data"
            }
        ],
        "Deployments": {
            "Level": 0
        },
        "DevicesList": {
            "Level": 0
        },
        "EdgesList": {
            "Level": 0
        },
        "MsgHistory": {
            "Level": 1
        },
        "Portals": [
            {
                "Level": 5,
                "Name": "tracy_alerts_portal",
                "SystemKey": "ce938cbd0bfa8385999ee79d8068"
            },
            {
                "Level": 0,
                "Name": "tracy-asset-typs",
                "SystemKey": "ce938cbd0bfa8385999ee79d8068"
            },
            {
                "Level": 0,
                "Name": "tracy-clone",
                "SystemKey": "ce938cbd0bfa8385999ee79d8068"
            },
            {
                "Level": 0,
                "Name": "Customer_Portal",
                "SystemKey": "ce938cbd0bfa8385999ee79d8068"
            },
            {
                "Level": 0,
                "Name": "test-portal",
                "SystemKey": "ce938cbd0bfa8385999ee79d8068"
            }
        ],
        "Push": {
            "Level": 0
        },
        "Roles": {
            "Level": 0
        },
        "Timers": {
            "Level": 0
        },
        "Topics": [
            {
                "Level": 3,
                "Name": "monnit-webhook-adapter/#"
            },
            {
                "Level": 3,
                "Name": "alert/#"
            }
        ],
        "Triggers": {
            "Level": 0
        },
        "UsersList": {
            "Level": 0
        }
    }
}