{
    "app_id": "ce938cbd0bfa8385999ee79d8068",
    "collection_id": "d4938cbd0bb2aeeadba48dedfabc01",
    "items": [
        {
            "contact_method": "",
            "contacts": "[\"Usman.Minhas@ingrammicro.com\"]",
            "customer_id": "9e5b6ecb-d77e-4894-a163-92e29a1df012",
            "disabled": false,
            "item_id": "65c07c17-05a2-490e-b653-73d859cb982c",
            "message": "Check temperature (Center). It is higher than 20 degrees.",
            "name": "Test Alert 21/11",
            "priority": "medium",
            "rules": "[{\"sensor_id\":\"426643\",\"operator\":\"GT\",\"value\":\"20\",\"property\":\"sensor_reading\"}]",
            "timeout": 0,
            "type_id": ""
        },
        {
            "contact_method": "",
            "contacts": "[\"ingram@axelta.com\"]",
            "customer_id": "9e5b6ecb-d77e-4894-a163-92e29a1df012",
            "disabled": false,
            "item_id": "a412f038-2a8e-4078-987b-fb0b552c9517",
            "message": "Temperature is greater than 10 degrees.",
            "name": "Temperature Alert",
            "priority": "low",
            "rules": "[{\"sensor_id\":\"426643\",\"operator\":\"GT\",\"value\":\"10\",\"property\":\"sensor_reading\"}]",
            "timeout": 0,
            "type_id": ""
        },
        {
            "contact_method": "",
            "contacts": "[\"ingram@axelta.com\"]",
            "customer_id": "9e5b6ecb-d77e-4894-a163-92e29a1df012",
            "disabled": false,
            "item_id": "e750df52-2e83-4487-b3b1-bd91e08bb638",
            "message": "Humidity is greater than 20%.",
            "name": "Humidity Alert",
            "priority": "low",
            "rules": "[{\"sensor_id\":\"380138\",\"operator\":\"GT\",\"value\":\"20\",\"property\":\"sensor_reading\"}]",
            "timeout": 0,
            "type_id": ""
        },
        {
            "contact_method": "",
            "contacts": "[\"subhash@axelta.com\"]",
            "customer_id": "9e5b6ecb-d77e-4894-a163-92e29a1df012",
            "disabled": false,
            "item_id": "e87d7ee5-93f6-4f91-9710-39a103e9f39a",
            "message": "",
            "name": "Test Alert 123",
            "priority": "high",
            "rules": "[{\"sensor_id\":\"426643\",\"operator\":\"GT\",\"value\":\"10\",\"property\":\"sensor_reading\"}]",
            "timeout": 0,
            "type_id": ""
        }
    ],
    "name": "AlertConfigurations",
    "permissions": {
        "Administrator": 15,
        "Authenticated": 15,
        "Monnit Webhook Adapter": 15
    },
    "schema": [
        {
            "ColumnName": "item_id",
            "ColumnType": "uuid",
            "PK": true
        },
        {
            "ColumnName": "name",
            "ColumnType": "string",
            "PK": false
        },
        {
            "ColumnName": "type_id",
            "ColumnType": "string",
            "PK": false
        },
        {
            "ColumnName": "rules",
            "ColumnType": "string",
            "PK": false
        },
        {
            "ColumnName": "contacts",
            "ColumnType": "string",
            "PK": false
        },
        {
            "ColumnName": "contact_method",
            "ColumnType": "string",
            "PK": false
        },
        {
            "ColumnName": "priority",
            "ColumnType": "string",
            "PK": false
        },
        {
            "ColumnName": "disabled",
            "ColumnType": "bool",
            "PK": false
        },
        {
            "ColumnName": "customer_id",
            "ColumnType": "string",
            "PK": false
        },
        {
            "ColumnName": "timeout",
            "ColumnType": "int",
            "PK": false
        },
        {
            "ColumnName": "message",
            "ColumnType": "string",
            "PK": false
        }
    ]
}