{
    "app_id": "ce938cbd0bfa8385999ee79d8068",
    "collection_id": "d8938cbd0bae9fc7e1c38bb3b88001",
    "items": [
        {
            "asset_type_id": "b4d100c0-ec0b-4482-85a6-518eea5042dc",
            "comments": "",
            "customer_id": "9e5b6ecb-d77e-4894-a163-92e29a1df012",
            "item_id": "19593e9e-bcd2-4d37-b60a-25c261dd3784",
            "location_id": "8bab5bf1-0ecc-49f3-bcc5-7b126d3502f1",
            "name": "Vitamin Fridge",
            "primary_employee": "savio.lee@ingrammicro.com"
        },
        {
            "asset_type_id": "a9bbdef4-2e47-4b3a-9c0c-8bb062347684",
            "comments": "",
            "customer_id": "9e5b6ecb-d77e-4894-a163-92e29a1df012",
            "item_id": "5808b9fe-b4ab-4e0b-8a72-71f9bb67ba25",
            "location_id": "8bab5bf1-0ecc-49f3-bcc5-7b126d3502f1",
            "name": "Medicine Fridge",
            "primary_employee": "savio.lee@ingrammicro.com"
        },
        {
            "asset_type_id": "a9bbdef4-2e47-4b3a-9c0c-8bb062347684",
            "comments": "",
            "customer_id": "9e5b6ecb-d77e-4894-a163-92e29a1df012",
            "item_id": "ad69007c-28c0-411e-b45b-e52f8d9ee0f4",
            "location_id": "3fa7c42d-fd31-4a8b-b618-f9d960b8f75a",
            "name": "Medicine Fridge",
            "primary_employee": ""
        }
    ],
    "name": "Assets",
    "permissions": {
        "Administrator": 15,
        "Authenticated": 15
    },
    "schema": [
        {
            "ColumnName": "item_id",
            "ColumnType": "uuid",
            "PK": true
        },
        {
            "ColumnName": "name",
            "ColumnType": "string",
            "PK": false
        },
        {
            "ColumnName": "asset_type_id",
            "ColumnType": "string",
            "PK": false
        },
        {
            "ColumnName": "location_id",
            "ColumnType": "string",
            "PK": false
        },
        {
            "ColumnName": "customer_id",
            "ColumnType": "string",
            "PK": false
        },
        {
            "ColumnName": "primary_employee",
            "ColumnType": "string",
            "PK": false
        },
        {
            "ColumnName": "comments",
            "ColumnType": "string",
            "PK": false
        }
    ]
}