{
    "app_id": "ce938cbd0bfa8385999ee79d8068",
    "collection_id": "d6938cbd0bf6c1c8d8a4db83aba901",
    "items": [
        {
            "description": "Vaccine",
            "icon": "",
            "item_id": "a9bbdef4-2e47-4b3a-9c0c-8bb062347684",
            "name": "Vaccine Freezer",
            "notes": ""
        },
        {
            "description": "Vitamins",
            "icon": "",
            "item_id": "b4d100c0-ec0b-4482-85a6-518eea5042dc",
            "name": "Vitamins Fridge",
            "notes": ""
        }
    ],
    "name": "AssetTypes",
    "permissions": {
        "Administrator": 15,
        "Authenticated": 15
    },
    "schema": [
        {
            "ColumnName": "item_id",
            "ColumnType": "uuid",
            "PK": true
        },
        {
            "ColumnName": "name",
            "ColumnType": "string",
            "PK": false
        },
        {
            "ColumnName": "description",
            "ColumnType": "string",
            "PK": false
        },
        {
            "ColumnName": "notes",
            "ColumnType": "string",
            "PK": false
        },
        {
            "ColumnName": "icon",
            "ColumnType": "string",
            "PK": false
        }
    ]
}