{
    "app_id": "ce938cbd0bfa8385999ee79d8068",
    "collection_id": "da938cbd0bbad19cdb9fd2d2bb69",
    "items": [
        {
            "description": "",
            "item_id": "3f93bf0a-71ad-46b8-b07e-40e04004911c",
            "name": "Branch"
        },
        {
            "description": "",
            "item_id": "e18fd02e-de23-44f5-ba69-ccbff15b0248",
            "name": "Headquater"
        }
    ],
    "name": "LocationTypes",
    "permissions": {
        "Administrator": 15,
        "Anonymous": 0,
        "Authenticated": 15,
        "Monnit Webhook Adapter": 15,
        "PortalEditor": 15,
        "sms-webhook-adapter": 15
    },
    "schema": [
        {
            "ColumnName": "item_id",
            "ColumnType": "uuid",
            "PK": true
        },
        {
            "ColumnName": "name",
            "ColumnType": "string",
            "PK": false
        },
        {
            "ColumnName": "description",
            "ColumnType": "string",
            "PK": false
        }
    ]
}