{
    "app_id": "ce938cbd0bfa8385999ee79d8068",
    "collection_id": "dc938cbd0b928491eef2b38cf614",
    "items": [
        {
            "attributes": "degrees",
            "data_type": "int",
            "description": "Measures the temperature",
            "display_name": "Temperature",
            "icon": "\u003csvg fill=\"currentColor\" preserveAspectRatio=\"xMidYMid meet\" height=\"50\" width=\"50\" viewBox=\"0 0 40 40\" style=\"vertical-align:middle;fill:#666\"\u003e\u003cg\u003e\u003cpath d=\"m23.4 26.3c1.6 1 2.6 2.9 2.6 5 0 3.4-2.8 6.2-6.2 6.2s-6.3-2.8-6.3-6.2c0-2.2 1-4 2.6-5.1v-20.1c0-2 1.6-3.6 3.7-3.6s3.6 1.6 3.6 3.6v20.2z m-4.8-20.2v3.9h2.3v-3.9c0-0.6-0.5-1.1-1.1-1.1s-1.2 0.5-1.2 1.1z m2.4 16.4v-1.2h-1.2v1.2h1.2z m0-2.5v-5h-1.2v5h1.2z\"\u003e\u003c/path\u003e\u003c/g\u003e\u003c/svg\u003e",
            "is_probe": false,
            "item_id": "19637d5b-3782-48dc-8259-794488a89d73",
            "name": "Temperature"
        },
        {
            "attributes": "degrees",
            "data_type": "int",
            "description": "",
            "display_name": "Temperature",
            "icon": "\u003csvg fill=\"currentColor\" preserveAspectRatio=\"xMidYMid meet\" height=\"50\" width=\"50\" viewBox=\"0 0 40 40\" style=\"vertical-align:middle;fill:#666\"\u003e\u003cg\u003e\u003cpath d=\"m23.4 26.3c1.6 1 2.6 2.9 2.6 5 0 3.4-2.8 6.2-6.2 6.2s-6.3-2.8-6.3-6.2c0-2.2 1-4 2.6-5.1v-20.1c0-2 1.6-3.6 3.7-3.6s3.6 1.6 3.6 3.6v20.2z m-4.8-20.2v3.9h2.3v-3.9c0-0.6-0.5-1.1-1.1-1.1s-1.2 0.5-1.2 1.1z m2.4 16.4v-1.2h-1.2v1.2h1.2z m0-2.5v-5h-1.2v5h1.2z\"\u003e\u003c/path\u003e\u003c/g\u003e\u003c/svg\u003e",
            "is_probe": true,
            "item_id": "4ebd356c-b35d-4b7d-a2be-2b6854973057",
            "name": "Temperature Probe"
        },
        {
            "attributes": "percent",
            "data_type": "int",
            "description": "Measures the humidity",
            "display_name": "Humidity",
            "icon": "\u003csvg fill=\"currentColor\" preserveAspectRatio=\"xMidYMid meet\" height=\"50\" width=\"50\" viewBox=\"0 0 40 40\" style=\"vertical-align:middle;fill:#666\"\u003e\u003cg\u003e\u003cpath d=\"m19.9 25.7q0-0.8-0.4-1.5 0 0-0.4-0.5t-0.5-0.9-0.6-1-0.5-1.1q0-0.3-0.4-0.3t-0.5 0.3q-0.2 0.5-0.5 1.1t-0.5 1-0.6 0.9-0.3 0.5q-0.5 0.7-0.5 1.5 0 1.2 0.9 2t2 0.9 2-0.9 0.8-2z m11.5-2.8q0 4.7-3.4 8t-8.1 3.4-8.1-3.4-3.3-8q0-3.3 1.8-6.2 0.1-0.2 1.4-2t2.3-3.4 2.2-3.9 1.8-4.5q0.2-0.7 0.8-1.1t1.1-0.4 1.2 0.4 0.7 1.1q0.7 2 1.9 4.5t2.2 3.9 2.3 3.4 1.3 2q1.9 2.9 1.9 6.2z\"\u003e\u003c/path\u003e\u003c/g\u003e\u003c/svg\u003e",
            "is_probe": false,
            "item_id": "57da1df8-fb44-46cf-82c9-ac6705370017",
            "name": "Humidity"
        },
        {
            "attributes": "",
            "data_type": "bool",
            "description": "Monitors Door Open/Close Status",
            "display_name": "Door",
            "icon": "\u003csvg fill=\"currentColor\" preserveAspectRatio=\"xMidYMid meet\" width=\"50\" height=\"50\" viewBox=\"0 0 492.5 492.5\" style=\"vertical-align:middle;fill:#666\"\u003e \u003cg\u003e \t\u003cpath d=\"M184.646,0v21.72H99.704v433.358h31.403V53.123h53.539V492.5l208.15-37.422v-61.235V37.5L184.646,0z M222.938,263.129   c-6.997,0-12.67-7.381-12.67-16.486c0-9.104,5.673-16.485,12.67-16.485s12.67,7.381,12.67,16.485   C235.608,255.748,229.935,263.129,222.938,263.129z\"/\u003e \u003c/g\u003e \u003c/svg\u003e",
            "is_probe": false,
            "item_id": "d61e87ba-9f00-4732-8ffe-31d0d6c8c3fa",
            "name": "Open Closed"
        }
    ],
    "name": "SensorTypes",
    "permissions": {
        "Administrator": 15,
        "Authenticated": 15
    },
    "schema": [
        {
            "ColumnName": "item_id",
            "ColumnType": "uuid",
            "PK": true
        },
        {
            "ColumnName": "name",
            "ColumnType": "string",
            "PK": false
        },
        {
            "ColumnName": "attributes",
            "ColumnType": "string",
            "PK": false
        },
        {
            "ColumnName": "description",
            "ColumnType": "string",
            "PK": false
        },
        {
            "ColumnName": "data_type",
            "ColumnType": "string",
            "PK": false
        },
        {
            "ColumnName": "display_name",
            "ColumnType": "string",
            "PK": false
        },
        {
            "ColumnName": "icon",
            "ColumnType": "string",
            "PK": false
        },
        {
            "ColumnName": "is_probe",
            "ColumnType": "bool",
            "PK": false
        }
    ]
}