{
    "app_id": "ce938cbd0bfa8385999ee79d8068",
    "collection_id": "c0fff3c60bd28df9d29f9ab4ba0d",
    "items": [
        {
            "age": 17,
            "class": "12",
            "item_id": "08a9eccc-c5cb-4d96-a2f9-683dddaa9874",
            "name": "ram",
            "student_id": 101
        },
        {
            "age": 17,
            "class": "12",
            "item_id": "13dd558b-0b35-4c2c-b85e-610b929a49a3",
            "name": "ram",
            "student_id": 101
        },
        {
            "age": 17,
            "class": "12",
            "item_id": "2078e070-4f51-4d57-ae43-0eefc2c2460d",
            "name": "ram",
            "student_id": 101
        },
        {
            "age": 17,
            "class": "12",
            "item_id": "2d758a49-bd5c-4293-a6e0-ae0b43459fa0",
            "name": "ram",
            "student_id": 101
        },
        {
            "age": 17,
            "class": "12",
            "item_id": "39f62bdb-8e24-4bc5-9845-391c5f515253",
            "name": "ram",
            "student_id": 101
        },
        {
            "age": 17,
            "class": "12",
            "item_id": "4170d02a-2615-4b51-8de4-ea1d34cf3633",
            "name": "ram",
            "student_id": 101
        },
        {
            "age": 17,
            "class": "12",
            "item_id": "573a7dbb-feb9-4492-9d18-750f2f18e66c",
            "name": "ram",
            "student_id": 101
        },
        {
            "age": 17,
            "class": "12",
            "item_id": "576cf294-281d-4bba-808c-3e93b1b59fe3",
            "name": "ram",
            "student_id": 101
        },
        {
            "age": 17,
            "class": "12",
            "item_id": "62065821-787f-4edd-9eea-4d72cf7d0d37",
            "name": "ram",
            "student_id": 101
        },
        {
            "age": 17,
            "class": "12",
            "item_id": "658a1a86-e9ea-4642-b510-b13b73d22625",
            "name": "ram",
            "student_id": 101
        },
        {
            "age": 17,
            "class": "12",
            "item_id": "6623596e-5a63-4762-9e20-13dd8da30ee5",
            "name": "ram",
            "student_id": 101
        },
        {
            "age": 17,
            "class": "12",
            "item_id": "80895c42-bd23-4b1f-bf40-c31093fa2845",
            "name": "ram",
            "student_id": 101
        },
        {
            "age": 17,
            "class": "12",
            "item_id": "8996743b-39dc-40ff-aaa2-be788f00de53",
            "name": "ram",
            "student_id": 101
        },
        {
            "age": 17,
            "class": "12",
            "item_id": "8b6724d4-7091-488e-9bd9-3d0974a15943",
            "name": "ram",
            "student_id": 101
        },
        {
            "age": 17,
            "class": "12",
            "item_id": "94898140-5373-4d30-8e6d-9cf5ea10e42e",
            "name": "ram",
            "student_id": 101
        },
        {
            "age": 17,
            "class": "12",
            "item_id": "9e9f2361-b26a-46f7-8f94-706a6f0fbe20",
            "name": "ram",
            "student_id": 101
        },
        {
            "age": 17,
            "class": "12",
            "item_id": "a0b854b2-518f-489a-b863-cf276c5d6235",
            "name": "ram",
            "student_id": 101
        },
        {
            "age": 17,
            "class": "12",
            "item_id": "a21f1b26-f194-47c6-91f2-3270437fc562",
            "name": "ram",
            "student_id": 101
        },
        {
            "age": 17,
            "class": "12",
            "item_id": "a8293368-1566-41b2-82c7-e4d2fb119f96",
            "name": "ram",
            "student_id": 101
        },
        {
            "age": 17,
            "class": "12",
            "item_id": "b993b67c-b3fd-487e-8890-6fb1c64a39b8",
            "name": "ram",
            "student_id": 101
        },
        {
            "age": 17,
            "class": "12",
            "item_id": "bd8b6b58-3e6e-42f9-922d-277f05ed9a3f",
            "name": "ram",
            "student_id": 101
        },
        {
            "age": 17,
            "class": "12",
            "item_id": "d1e27ea2-ee1d-4a9e-81b7-d1d19373c048",
            "name": "ram",
            "student_id": 101
        },
        {
            "age": 17,
            "class": "12",
            "item_id": "dc3ecb08-656e-4f7c-ab75-dd5671b3aa24",
            "name": "ram",
            "student_id": 101
        },
        {
            "age": 17,
            "class": "12",
            "item_id": "e39e02d2-7aef-4d8c-9c97-15f6902f0bc4",
            "name": "ram",
            "student_id": 101
        },
        {
            "age": 17,
            "class": "12",
            "item_id": "f47bf588-e7cd-4205-a86b-ba45a99fbb2a",
            "name": "ram",
            "student_id": 101
        },
        {
            "age": 17,
            "class": "12",
            "item_id": "f494f3a0-94f7-4f56-8ed2-d731178bc73e",
            "name": "ram",
            "student_id": 101
        }
    ],
    "name": "Student",
    "permissions": {
        "Administrator": 15,
        "Anonymous": 15,
        "Authenticated": 15,
        "Monnit Webhook Adapter": 15,
        "PortalEditor": 15,
        "sms-webhook-adapter": 15
    },
    "schema": [
        {
            "ColumnName": "item_id",
            "ColumnType": "uuid",
            "PK": true
        },
        {
            "ColumnName": "student_id",
            "ColumnType": "int",
            "PK": false
        },
        {
            "ColumnName": "name",
            "ColumnType": "string",
            "PK": false
        },
        {
            "ColumnName": "class",
            "ColumnType": "string",
            "PK": false
        },
        {
            "ColumnName": "age",
            "ColumnType": "int",
            "PK": false
        }
    ]
}