{
    "columns": [
        {
            "ColumnName": "user_id",
            "ColumnType": "string",
            "PK": true
        },
        {
            "ColumnName": "first_name",
            "ColumnType": "string",
            "PK": false
        },
        {
            "ColumnName": "last_name",
            "ColumnType": "string",
            "PK": false
        },
        {
            "ColumnName": "phone_number",
            "ColumnType": "string",
            "PK": false
        },
        {
            "ColumnName": "customer_id",
            "ColumnType": "string",
            "PK": false
        },
        {
            "ColumnName": "locations",
            "ColumnType": "string",
            "PK": false
        },
        {
            "ColumnName": "assets",
            "ColumnType": "string",
            "PK": false
        },
        {
            "ColumnName": "photo",
            "ColumnType": "string",
            "PK": false
        },
        {
            "ColumnName": "pin",
            "ColumnType": "int",
            "PK": false
        },
        {
            "ColumnName": "title",
            "ColumnType": "string",
            "PK": false
        }
    ],
    "permissions": {
        "Administrator": 15,
        "Authenticated": 1,
        "Monnit Webhook Adapter": 1,
        "PortalEditor": 1
    }
}